﻿disease,age,gender
n,21,female
n,53,female
n,61,female
n,55,female
n,53,female
n,52,female
n,55,female
n,56,female
n,46,female
n,42,female
n,49,female
n,44,female
n,48,female
n,39,female
n,42,female
n,28,male
n,27,male
n,28,male
n,48,male
n,40,male
n,57,male
n,53,male
n,50,male
n,40,male
n,45,male
n,53,male
n,54,male
n,56,male
n,26,female
n,27,female
n,27,female
n,27,female
n,29,female
n,28,female
n,27,female
n,53,female
n,44,female
n,56,female
n,54,female
n,41,female
n,50,female
n,54,female
n,67,female
n,45,female
n,52,female
n,58,female
n,60,female
n,61,female
n,43,female
n,60,female
n,52,female
n,56,female
n,50,female
n,41,female
n,47,female
n,49,female
n,44,female
n,48,female
n,47,female
n,35,female
n,46,female
n,46,female
n,45,female
n,45,female
n,41,female
n,46,female
n,48,female
n,64,female
n,41,female
n,46,female
n,41,female
n,34,female
n,43,female
n,41,female
n,41,female
n,60,female
n,56,female
n,52,male
n,53,male
n,60,male
n,69,male
n,39,male
n,67,male
n,38,male
n,56,male
n,55,male
n,47,male
n,50,male
n,70,male
n,40,male
n,54,male
n,59,male
n,57,male
n,62,male
n,55,male
n,42,male
n,55,male
n,52,male
n,46,male
n,44,male
t2d,53,female
t2d,52,female
t2d,49,female
t2d,61,female
t2d,46,male
t2d,37,male
t2d,55,male
t2d,51,male
t2d,48,male
t2d,56,male
t2d,70,male
t2d,52,male
t2d,49,male
t2d,47,male
t2d,41,male
t2d,58,male
t2d,53,male
t2d,45,male
t2d,39,male
t2d,70,male
t2d,63,male
t2d,59,female
t2d,63,female
t2d,51,female
t2d,40,female
t2d,59,male
t2d,53,male
t2d,75,male
t2d,74,male
t2d,36,male
t2d,68,male
t2d,39,male
t2d,68,male
t2d,53,male
t2d,31,male
t2d,36,male
n,26,female
n,27,female
n,32,female
n,59,female
n,23,male
n,24,male
n,24,male
n,22,male
n,23,male
n,25,male
n,29,male
n,23,male
n,24,male
n,22,male
n,21,male
n,25,male
n,33,male
n,39,male
n,32,female
n,30,female
n,40,female
n,38,female
n,48,male
n,68,male
n,46,male
n,33,male
n,30,male
n,41,male
n,32,male
n,37,male
n,39,male
n,26,male
n,24,male
n,28,male
n,38,male
n,47,male
t2d,57,female
t2d,58,female
t2d,68,female
t2d,42,female
t2d,74,female
t2d,73,female
t2d,33,female
t2d,65,female
t2d,64,female
t2d,45,female
t2d,62,female
t2d,72,female
t2d,52,female
t2d,63,female
t2d,45,female
t2d,73,male
t2d,48,male
t2d,46,male
t2d,43,male
t2d,44,male
t2d,49,male
t2d,58,male
t2d,40,male
t2d,58,male
t2d,24,male
t2d,72,male
t2d,57,male
t2d,71,male
t2d,58,male
t2d,35,male
t2d,70,male
t2d,58,male
t2d,60,male
t2d,56,male
t2d,81,male
t2d,55,male
t2d,51,male
t2d,33,male
t2d,55,female
t2d,86,female
t2d,28,female
t2d,54,female
t2d,71,female
t2d,50,female
t2d,71,female
t2d,49,female
t2d,66,female
t2d,60,female
t2d,64,female
t2d,75,female
t2d,55,female
t2d,32,female
t2d,46,female
t2d,25,female
t2d,54,female
t2d,54,female
t2d,58,female
t2d,61,female
t2d,83,female
t2d,54,female
t2d,55,female
t2d,74,female
t2d,46,male
t2d,43,male
t2d,39,male
t2d,58,male
t2d,72,male
t2d,57,male
t2d,51,male
t2d,81,male
t2d,61,male
t2d,49,male
t2d,55,male
t2d,29,male
t2d,46,male
t2d,55,male
t2d,36,male
t2d,60,male
t2d,33,male
t2d,71,male
t2d,41,male
t2d,13,male
t2d,57,male
t2d,80,male
t2d,57,male
t2d,62,male
t2d,37,male
t2d,49,male
t2d,31,male
t2d,58,male
t2d,62,male
t2d,41,male
t2d,61,male
t2d,44,male
t2d,65,male
t2d,79,male
t2d,65,male
t2d,63,male
t2d,40,male
t2d,59,female
t2d,43,female
t2d,46,female
t2d,25,female
t2d,60,female
t2d,71,female
t2d,62,female
t2d,54,female
t2d,51,female
t2d,29,male
t2d,41,male
t2d,38,male
t2d,35,male
t2d,28,male
t2d,43,male
t2d,38,male
t2d,30,male
t2d,49,male
t2d,56,female
t2d,70,female
t2d,68,female
t2d,62,female
t2d,48,female
t2d,61,female
t2d,53,female
t2d,63,female
t2d,49,male
t2d,57,male
t2d,71,male
t2d,41,male
t2d,43,male
t2d,72,male
t2d,39,male
t2d,42,male
t2d,62,male
n,31,female
n,34,female
n,44,female
n,27,female
n,39,female
n,27,female
n,35,female
n,25,female
n,37,female
n,32,male
n,23,male
n,42,male
n,22,male
n,24,male
n,23,male
n,23,male
n,23,male
n,38,male
n,19,male
n,45,female
n,51,female
n,33,female
n,35,female
n,32,female
n,26,female
n,30,female
n,41,female
n,42,female
n,32,male
n,72,male
n,54,male
n,32,male
n,42,male
n,43,male
n,23,male
n,46,male
n,52,male
n,14,male