﻿disease,age,gender
n,21,female
n,53,female
n,61,female
n,55,female
n,53,female
n,52,female
n,55,female
n,56,female
n,46,female
n,42,female
n,49,female
n,44,female
n,48,female
n,39,female
n,42,female
n,28,male
n,27,male
n,28,male
n,48,male
n,40,male
n,57,male
n,53,male
n,50,male
n,40,male
n,45,male
n,53,male
n,54,male
n,56,male
n,26,female
n,27,female
n,27,female
n,27,female
n,29,female
n,28,female
n,27,female
n,53,female
n,44,female
n,56,female
n,54,female
n,41,female
n,50,female
n,54,female
n,67,female
n,45,female
n,52,female
n,58,female
n,60,female
n,61,female
n,43,female
n,60,female
n,52,female
n,56,female
n,50,female
n,41,female
n,47,female
n,49,female
n,44,female
n,48,female
n,47,female
n,35,female
n,46,female
n,46,female
n,45,female
n,45,female
n,41,female
n,46,female
n,48,female
n,64,female
n,41,female
n,46,female
n,41,female
n,34,female
n,43,female
n,41,female
n,41,female
n,60,female
n,56,female
n,52,male
n,53,male
n,60,male
n,69,male
n,39,male
n,67,male
n,38,male
n,56,male
n,55,male
n,47,male
n,50,male
n,70,male
n,40,male
n,54,male
n,59,male
n,57,male
n,62,male
n,55,male
n,42,male
n,55,male
n,52,male
n,46,male
n,44,male
n,26,female
n,27,female
n,32,female
n,59,female
n,23,male
n,24,male
n,24,male
n,22,male
n,23,male
n,25,male
n,29,male
n,23,male
n,24,male
n,22,male
n,21,male
n,25,male
n,33,male
n,39,male
n,32,female
n,30,female
n,40,female
n,38,female
n,48,male
n,68,male
n,46,male
n,33,male
n,30,male
n,41,male
n,32,male
n,37,male
n,39,male
n,26,male
n,24,male
n,28,male
n,38,male
n,47,male
n,31,female
n,34,female
n,44,female
n,27,female
n,39,female
n,27,female
n,35,female
n,25,female
n,37,female
n,32,male
n,23,male
n,42,male
n,22,male
n,24,male
n,23,male
n,23,male
n,23,male
n,38,male
n,19,male
n,45,female
n,51,female
n,33,female
n,35,female
n,32,female
n,26,female
n,30,female
n,41,female
n,42,female
n,32,male
n,72,male
n,54,male
n,32,male
n,42,male
n,43,male
n,23,male
n,46,male
n,52,male
n,14,male